,RMSE,MAPE
0,35.31325149536133,12.141925040570085
