,RMSE,MAPE
0,23.34299087524414,7.11144311433361
