,RMSE,MAPE
0,52.19086456298828,7.576549411235757
