,RMSE,MAPE
0,196.04783630371094,33.534552292192835
