,RMSE,MAPE
0,77.4848403930664,29.350048877033856
