,RMSE,MAPE
0,35.52493667602539,12.659655947456724
