,RMSE,MAPE
0,1029.7567138671875,34.47649538953539
