,RMSE,MAPE
0,1318.0335693359375,35.71260989243229
