,RMSE,MAPE
0,20.389739990234375,21.702942441198502
