,RMSE,MAPE
0,9.532004356384277,10.554907668092227
