,RMSE,MAPE
0,143.1019744873047,8.898704870355722
