,RMSE,MAPE
0,117.5032958984375,6.530196783349422
