,RMSE,MAPE
0,337.0553894042969,12.542644358237645
