,RMSE,MAPE
0,581.9554443359375,21.795109449048724
