,RMSE,MAPE
0,6.844009876251221,13.710281481551847
