,RMSE,MAPE
0,10.230186462402344,18.80124511616841
