,RMSE,MAPE
0,28.884489059448242,9.810695564353598
