,RMSE,MAPE
0,68.22399139404297,23.791799529629003
