,RMSE,MAPE
0,12.889608383178711,10.103805769722603
