,RMSE,MAPE
0,28.148582458496094,24.18657115796617
