,RMSE,MAPE
0,710.31640625,43.5639329002872
