,RMSE,MAPE
0,210.87916564941406,10.107790697994727
