,RMSE,MAPE
0,21.548723220825195,12.54864160809674
