,RMSE,MAPE
0,10.151577949523926,4.535229394907278
