,RMSE,MAPE
0,24.927270889282227,13.669668866435
