,RMSE,MAPE
0,53.40065002441406,30.675992779154804
