,RMSE,MAPE
0,75.34861755371094,17.012025314155924
