,RMSE,MAPE
0,64.3567886352539,14.388564766552275
