,RMSE,MAPE
0,114.6476058959961,13.164386284316912
