,RMSE,MAPE
0,79.237060546875,9.848688630384874
