,factor,RMSE,MAPE
0,True,13.810317039489746,0.011871935910323098
