,RMSE,MAPE
0,80.89486694335938,5.437994277171711
