,RMSE,MAPE
0,269.28033447265625,23.6704317943364
