,RMSE,MAPE
0,20.088043212890625,7.304425140730436
