,RMSE,MAPE
0,73.13482666015625,32.35294289813505
