,RMSE,MAPE
0,63.18156051635742,30.302049450536245
