,RMSE,MAPE
0,77.30919647216797,44.05266041891856
