,RMSE,MAPE
0,7.343129634857178,6.0231975650648275
