,RMSE,MAPE
0,5.361697673797607,3.8300110946936945
