,RMSE,MAPE
0,249.75343322753906,16.750241170587465
