,RMSE,MAPE
0,126.81708526611328,8.249083379336184
